CustomerId,FirstName,LastName,Email,PhoneNumber,AddressLine1,AddressLine2,City,State,PostalCode,Country,BirthDate,Gender,Occupation,Income,RegistrationDate,LastLogin,IsActive,Notes,CreatedAt,UpdatedAt
1,Reginald,Schumm,Marcella.Reichert93@hotmail.com,(394) 433-4811 x2708,37074 Elisha Fords,Apt. 001,Luettgenville,PA,49929-9424,Guyana,1968-01-17,Male,Human Solutions Supervisor,892682.42,2022-10-31 08:20:10.579,2024-12-18 10:02:39.950,1,Beatae maiores debitis ut nihil ut reiciendis natus qui.,2025-01-07 09:58:48.306,2025-01-07 09:58:48.306
2,Rosalind,Effertz,Ariane_Douglas@hotmail.com,(339) 341-1908,5269 Marjolaine River,Apt. 320,Johnstonfort,ME,96862-9533,Turks and Caicos Islands,1976-10-29,Female,Dynamic Identity Manager,700814.42,2022-03-18 18:43:53.165,2025-01-01 06:23:12.694,1,Itaque minus sit.,2025-01-07 09:58:48.306,2025-01-07 09:58:48.306
3,Felipe,Lueilwitz,Clarabelle_Steuber94@gmail.com,(801) 923-0015,0501 Juanita Mountains,Suite 863,New Margieside,LA,15136-7592,Luxembourg,1994-02-24,Female,Legacy Infrastructure Officer,811033.58,2022-05-21 03:05:48.419,2024-12-24 19:06:40.717,1,Occaecati dolorum laboriosam est ad.,2025-01-07 09:58:48.306,2025-01-07 09:58:48.306
4,Johan,Jacobi,Murray.Fahey@yahoo.com,620.421.4294 x9916,65339 Carlo Corner,Suite 094,North Elwynberg,RI,05398-0679,Egypt,1979-06-05,Other,Customer Applications Supervisor,41888.13,2023-07-25 00:53:28.924,2024-12-29 02:22:48.884,0,Deserunt est ab perspiciatis.,2025-01-07 09:58:48.306,2025-01-07 09:58:48.306
5,Kiana,Kerluke,Francisca15@hotmail.com,756.846.4602 x0969,696 Leonor Extension,Apt. 519,Josiemouth,UT,98957,Azerbaijan,1998-10-21,Other,Principal Tactics Manager,543388.54,2022-01-21 15:53:29.075,2025-01-03 23:36:36.855,1,Fuga et alias autem eligendi maxime.,2025-01-07 09:58:48.306,2025-01-07 09:58:48.306
6,Winifred,Goldner,Marshall77@gmail.com,(208) 888-7243 x042,39090 Kariane Square,Apt. 821,South Brielle,CT,87046,Western Sahara,1965-12-14,Female,Customer Markets Orchestrator,890055.19,2023-05-31 11:05:10.630,2024-12-11 08:42:01.905,1,Sed minima excepturi et quos inventore praesentium sit.,2025-01-07 09:58:48.306,2025-01-07 09:58:48.306
7,Alberta,Lang,Monique.Heathcote28@gmail.com,1-405-705-4768 x9898,4685 Leatha Tunnel,Apt. 014,Brakusburgh,NM,22744,Madagascar,1985-02-21,Other,Legacy Program Officer,680453.54,2024-08-25 20:04:41.228,2025-01-05 22:03:15.692,1,Corporis rem est id quibusdam facere neque eum.,2025-01-07 09:58:48.306,2025-01-07 09:58:48.306
8,Sonia,Grady,Marguerite39@yahoo.com,529.325.3118 x25399,7477 Gislason Rapid,Suite 034,Cartwrightville,MD,39967-1080,Cape Verde,1989-07-16,Female,Product Group Strategist,288931.83,2024-09-21 23:38:33.499,2024-12-18 20:08:11.146,1,Sed sint ea doloremque.,2025-01-07 09:58:48.306,2025-01-07 09:58:48.306
9,Ollie,Donnelly,Josefina.Quitzon26@gmail.com,1-768-703-0097 x8439,396 Wolff Mission,Apt. 654,Keelingside,MS,95029-8193,Saudi Arabia,1969-12-05,Male,Central Research Architect,780307.99,2024-05-29 17:16:42.677,2024-12-14 04:20:15.140,1,Explicabo minus asperiores aut delectus vitae aut quia.,2025-01-07 09:58:48.306,2025-01-07 09:58:48.306
10,Terrance,Bode,Otha.Purdy96@yahoo.com,253-638-6715,94328 Vivien Knoll,Suite 004,South Nikki,IL,86965-6131,Solomon Islands,2000-11-03,Female,Central Brand Liaison,928839.63,2024-11-21 04:53:50.158,2024-12-28 11:02:03.104,1,Qui quo rerum aut.,2025-01-07 09:58:48.306,2025-01-07 09:58:48.306
11,Dale,Fritsch,Henri66@hotmail.com,(714) 349-6592 x0956,954 Emil Lakes,Apt. 457,Port Trentonport,AZ,05807-6981,Uzbekistan,1984-06-11,Female,National Implementation Supervisor,873002.56,2023-11-30 22:56:49.075,2024-12-11 03:42:09.689,0,Totam enim molestias asperiores dicta enim autem harum.,2025-01-07 09:58:48.306,2025-01-07 09:58:48.306
12,Heather,Leffler,Cristobal42@gmail.com,629.944.3060 x262,38397 Jovanny Summit,Apt. 961,Reillyton,ID,28607-2286,Cote d'Ivoire,2000-09-08,Female,Investor Research Producer,383769.71,2024-04-07 00:48:57.593,2024-12-18 02:01:18.776,1,Hic mollitia ex labore officia quia eius.,2025-01-07 09:58:48.306,2025-01-07 09:58:48.306
13,Marielle,Stark,Dortha13@gmail.com,397.533.3633 x3076,5188 Peggie Ridge,Apt. 722,Luettgenside,CA,97578-1694,Philippines,2003-12-26,Other,District Implementation Specialist,962621.99,2023-11-08 00:43:34.558,2024-12-18 12:16:17.187,0,Error ducimus eum sed natus labore aut.,2025-01-07 09:58:48.306,2025-01-07 09:58:48.306
14,Elisa,Brekke,Jorge.Murray@hotmail.com,999-539-9325,759 Boyer Key,Suite 983,East Nickolas,OK,75671-3405,Senegal,1994-09-05,Other,Legacy Applications Director,123479.85,2022-12-21 04:21:08.962,2024-12-22 12:52:06.302,1,Eos odit deleniti et incidunt aut et enim.,2025-01-07 09:58:48.306,2025-01-07 09:58:48.306
15,Cyrus,Cremin,Gregoria28@yahoo.com,1-933-442-5279,987 Nyah Circles,Apt. 973,New Stefan,OR,18378,Pitcairn Islands,1992-05-25,Male,Human Research Assistant,77500.86,2022-10-22 10:10:33.251,2024-12-13 15:36:16.063,1,Doloribus consequatur distinctio.,2025-01-07 09:58:48.306,2025-01-07 09:58:48.306
16,Shana,O'Connell,Una.Ratke84@yahoo.com,(845) 928-3709,88723 Antwon Court,Suite 768,North Arianeview,SD,39590-5054,Tajikistan,1978-03-01,Male,Dynamic Accounts Technician,769012.05,2023-08-10 22:05:41.248,2024-12-18 01:45:14.572,1,Vitae blanditiis rerum in dolorem.,2025-01-07 09:58:48.306,2025-01-07 09:58:48.306
17,Hassie,Rowe,Megane_Cormier60@yahoo.com,1-367-754-3137 x973,74930 Kunde Bypass,Apt. 245,Leschbury,WV,57278-6162,Philippines,1973-04-11,Female,Legacy Operations Designer,219438.97,2023-11-16 06:48:46.366,2024-12-29 01:01:36.812,1,Hic neque deserunt voluptatem quia sunt aperiam occaecati molestias eveniet.,2025-01-07 09:58:48.306,2025-01-07 09:58:48.306
18,Mabel,Hauck,Zoila.Littel9@hotmail.com,683.745.6280 x519,4874 Lind Flat,Suite 229,Lake Charleneland,AL,70018-9508,Taiwan,2004-01-07,Other,National Operations Officer,482148.17,2024-09-02 04:44:03.044,2024-12-13 23:53:01.545,1,Aut sed maiores natus doloremque non nam voluptatem neque vero.,2025-01-07 09:58:48.306,2025-01-07 09:58:48.306
19,Leonie,Feeney,Kathlyn75@yahoo.com,582-320-2803 x4484,05086 Grimes Forest,Apt. 707,Wildermanberg,FL,45757,Saint Lucia,1982-08-20,Female,Central Integration Facilitator,460326.25,2024-02-04 12:17:23.817,2024-12-27 10:59:04.623,0,Quae sed velit.,2025-01-07 09:58:48.306,2025-01-07 09:58:48.306
20,Walton,Jacobi,Mossie66@hotmail.com,1-650-223-0219 x1007,42975 Ted Trafficway,Apt. 081,Matildaburgh,TX,32194,Georgia,1991-07-25,Female,Internal Quality Officer,897384.83,2023-12-03 21:42:40.608,2025-01-03 13:24:49.139,1,Consequatur eos eum velit minus ad optio deserunt.,2025-01-07 09:58:48.306,2025-01-07 09:58:48.306
21,Ivy,Franecki,Eino52@gmail.com,1-356-764-5842 x1085,366 Matilda River,Apt. 654,Koleshire,ME,48434-0970,Myanmar,1981-02-12,Female,Central Paradigm Manager,974241.12,2024-05-30 15:20:46.056,2024-12-23 11:31:14.047,0,Animi nesciunt et rem.,2025-01-07 09:58:48.306,2025-01-07 09:58:48.306
22,Erna,Runte,Madaline_Pfannerstill8@yahoo.com,627-586-0238,1638 Bill Way,Suite 516,Vandervortburgh,AL,23095-2267,Sudan,2000-11-04,Male,Forward Accountability Liaison,803856.81,2022-09-08 03:34:18.125,2024-12-13 02:36:40.778,1,Adipisci doloremque voluptate hic reiciendis adipisci rem officiis ab repudiandae.,2025-01-07 09:58:48.306,2025-01-07 09:58:48.306
23,Dock,Stanton,Marvin26@gmail.com,(660) 702-1865 x0413,929 Upton Light,Suite 673,South Williammouth,MO,31718,Bouvet Island (Bouvetoya),1971-11-24,Female,Global Quality Engineer,906068.37,2023-06-27 14:23:07.586,2025-01-01 12:30:48.996,0,Corrupti minus dolorem blanditiis.,2025-01-07 09:58:48.306,2025-01-07 09:58:48.306
24,Anita,Hegmann,Trenton_MacGyver@hotmail.com,325-970-3059 x84757,25580 Robel Shores,Apt. 138,West Leonoraland,KS,44989,Angola,1976-10-04,Female,Global Security Coordinator,736603.88,2023-01-01 20:45:03.746,2024-12-09 21:55:18.581,1,Maxime qui exercitationem dolorem magnam.,2025-01-07 09:58:48.306,2025-01-07 09:58:48.306
25,Santiago,O'Reilly,Aurelie_Olson@gmail.com,(420) 308-7534 x1972,57814 Cristobal Ranch,Apt. 717,New Aaron,ID,05574-7900,Kenya,1967-06-07,Male,Regional Metrics Specialist,675847.16,2022-06-13 04:04:48.024,2024-12-23 08:47:45.257,1,Aut quasi sed aliquid maiores doloremque debitis molestias praesentium sit.,2025-01-07 09:58:48.306,2025-01-07 09:58:48.306
26,Finn,Kohler,Cruz_Kutch14@gmail.com,(381) 769-4926 x1059,311 Thurman Island,Suite 359,Cecilbury,MS,50436,Anguilla,1974-11-16,Male,District Implementation Executive,707738.45,2023-09-25 09:18:10.824,2024-12-21 01:20:32.763,0,Modi a esse quibusdam ut occaecati reiciendis vero.,2025-01-07 09:58:48.306,2025-01-07 09:58:48.306
27,Delphia,Beahan,Fanny17@yahoo.com,926-958-0801 x656,511 Roslyn Cape,Suite 812,Colliermouth,NC,02499,Heard Island and McDonald Islands,1999-01-05,Other,Customer Interactions Analyst,594292.95,2024-10-25 19:41:20.310,2024-12-18 20:03:37.179,1,A voluptas dolorem earum sint iste voluptate repudiandae voluptatum.,2025-01-07 09:58:48.306,2025-01-07 09:58:48.306
28,Halle,Larson,Katarina43@hotmail.com,342.661.8855 x94994,7082 Langworth Field,Suite 216,Hilpertland,NV,05888,Cook Islands,1969-04-04,Other,Dynamic Operations Officer,763025.13,2022-10-12 23:07:38.710,2024-12-12 05:34:20.754,0,Ducimus mollitia aut facere sint.,2025-01-07 09:58:48.306,2025-01-07 09:58:48.306
29,Helga,Wiza,Esmeralda_Hane@hotmail.com,1-654-956-5159 x6963,048 Clint Stravenue,Apt. 291,Maceyton,DE,52686-4234,Botswana,1986-07-18,Male,Regional Security Analyst,135149.06,2024-06-01 23:06:23.387,2024-12-22 22:31:23.651,1,Quasi id et in.,2025-01-07 09:58:48.306,2025-01-07 09:58:48.306
30,Winnifred,Kemmer,Louie_Greenfelder@hotmail.com,305.289.4518,68478 Lueilwitz Trail,Apt. 644,New Serenafort,KS,28726,Honduras,1989-01-25,Male,Central Quality Coordinator,161184.64,2023-06-27 23:49:15.448,2024-12-19 09:05:43.017,1,Inventore neque atque magnam ea aut.,2025-01-07 09:58:48.306,2025-01-07 09:58:48.306
31,Kasandra,Durgan,Taryn46@gmail.com,591-744-4770,34915 Cindy Walk,Apt. 232,Isaiview,OR,78330,Wallis and Futuna,1977-04-20,Male,National Assurance Analyst,188464.43,2022-03-05 03:26:54.615,2024-12-14 17:55:05.140,1,Voluptatibus cumque commodi fugit voluptas atque.,2025-01-07 09:58:48.306,2025-01-07 09:58:48.306
32,Jimmy,Aufderhar,Natalie40@hotmail.com,1-350-599-1665 x6948,59715 Moen Squares,Apt. 569,Carolshire,LA,20371-2776,Congo,1994-04-08,Other,Dynamic Accountability Analyst,77826.59,2022-10-14 09:44:18.247,2024-12-15 01:30:54.704,0,Sunt vitae aliquid odio omnis ab.,2025-01-07 09:58:48.306,2025-01-07 09:58:48.306
33,Verona,Dickens,Grady_Ryan48@hotmail.com,670.965.0573,5472 Herman Crossing,Apt. 739,Padbergtown,TX,55092,Suriname,1983-04-22,Male,Global Implementation Facilitator,841585.47,2022-02-11 04:28:12.074,2024-12-19 23:36:34.509,1,Pariatur et sit sed cupiditate praesentium ratione ut aut.,2025-01-07 09:58:48.306,2025-01-07 09:58:48.306
34,Camylle,Welch,Barbara.Reinger93@gmail.com,1-394-501-3751 x7202,1485 Blanche Mountains,Apt. 504,Loganland,OK,50206-9323,Lebanon,1994-06-07,Male,Product Program Developer,990698.57,2023-11-15 23:06:53.911,2025-01-06 05:20:38.368,1,Nesciunt consectetur reiciendis animi accusantium et explicabo.,2025-01-07 09:58:48.306,2025-01-07 09:58:48.306
35,Luigi,Waelchi,Julio.Roob@hotmail.com,1-888-285-8325,951 Goodwin Square,Suite 583,Carmellastad,VA,86042-6192,Niue,2001-01-27,Male,Direct Infrastructure Orchestrator,262644.09,2024-07-29 19:17:21.061,2024-12-23 23:20:38.588,0,Nam animi in iure eaque amet dolorem.,2025-01-07 09:58:48.306,2025-01-07 09:58:48.306
36,Dovie,Beatty,Cicero_Blick@yahoo.com,600-776-2555 x609,16631 Chester Lake,Suite 878,Pfeffershire,OK,07180-6846,Chad,1983-08-18,Other,International Response Agent,347814.50,2022-10-19 23:10:43.502,2024-12-11 21:01:31.066,1,Aut totam a inventore doloremque sint veritatis.,2025-01-07 09:58:48.306,2025-01-07 09:58:48.306
37,Durward,Auer,Lenna68@yahoo.com,1-225-998-0367 x254,388 Aaliyah Locks,Suite 388,Fisherchester,IN,46248,Barbados,1999-11-11,Female,Central Mobility Liaison,975875.26,2023-03-06 23:17:00.400,2024-12-26 05:21:08.774,0,Impedit culpa aspernatur ullam hic eos dolorem.,2025-01-07 09:58:48.306,2025-01-07 09:58:48.306
38,Chase,Cummings,Dolores22@yahoo.com,910-809-5522 x462,151 Cormier Isle,Suite 218,Raynorstad,WV,47258-6328,Saint Kitts and Nevis,1978-05-03,Female,Human Interactions Manager,46199.29,2022-07-23 17:17:23.973,2024-12-14 04:54:14.328,1,Ratione quia magnam vitae quia qui eligendi exercitationem dolores similique.,2025-01-07 09:58:48.306,2025-01-07 09:58:48.306
39,Wiley,Schuppe,Gregg.Graham@gmail.com,914.848.4288,8328 Heaney Ville,Suite 029,North Estelle,HI,34481-8176,Kiribati,1978-05-12,Other,Lead Tactics Strategist,41862.44,2024-12-03 03:46:04.582,2024-12-10 03:22:41.478,1,Quod ad enim autem quo et amet sed.,2025-01-07 09:58:48.306,2025-01-07 09:58:48.306
40,Tracey,Pacocha,Bernard_Kris31@hotmail.com,1-443-871-6790,081 Bernadine Roads,Apt. 452,Lake Lora,IN,59190,Falkland Islands (Malvinas),2002-12-27,Male,Lead Intranet Analyst,652842.44,2022-07-22 04:17:03.635,2024-12-18 12:00:05.090,1,Dolor repellendus quia laboriosam enim.,2025-01-07 09:58:48.306,2025-01-07 09:58:48.306
41,Paula,Fay,Helga19@hotmail.com,(850) 426-3171,7098 Ressie Square,Apt. 386,Dellland,AK,17091-3437,Niue,1997-08-31,Other,National Marketing Planner,891864.19,2023-04-05 06:44:52.393,2024-12-29 22:28:11.214,1,Odio quo praesentium sed dolores corporis necessitatibus voluptate magni.,2025-01-07 09:58:48.306,2025-01-07 09:58:48.306
42,Stephen,Grady,Wilfred96@gmail.com,(232) 530-4104,0855 Jacobson Highway,Suite 961,South Mckenna,HI,24418-2722,Afghanistan,1986-06-05,Other,District Usability Administrator,122240.33,2023-12-06 19:30:56.643,2024-12-21 16:53:24.671,1,Ut ullam laborum optio odit rerum itaque mollitia.,2025-01-07 09:58:48.306,2025-01-07 09:58:48.306
43,Berneice,Rogahn,Kiley.Cole32@hotmail.com,1-605-619-6130,250 Tanya Islands,Apt. 993,Carterhaven,HI,76784-1733,South Georgia and the South Sandwich Islands,2001-12-21,Female,Central Solutions Strategist,18141.50,2022-03-03 13:27:00.454,2024-12-23 07:49:43.703,1,Harum amet iste veritatis cumque voluptas illo.,2025-01-07 09:58:48.306,2025-01-07 09:58:48.306
44,Alfredo,Turcotte,Danielle.Heller@yahoo.com,280.648.3147,123 Zetta Haven,Apt. 825,East Isombury,MA,11422,Belgium,1967-03-09,Other,Human Optimization Architect,488836.78,2024-02-20 18:37:51.061,2024-12-09 22:55:05.919,1,Tenetur magnam eaque repellendus rerum et praesentium.,2025-01-07 09:58:48.306,2025-01-07 09:58:48.306
45,Keagan,Blick,Candice76@gmail.com,280-675-6985,639 Eliseo Vista,Apt. 625,Borerberg,TN,50575,Rwanda,1991-02-26,Male,Dynamic Division Specialist,367728.65,2023-02-14 20:59:04.410,2024-12-13 23:59:28.524,1,Sint unde eum fugiat animi id doloribus ea eveniet.,2025-01-07 09:58:48.306,2025-01-07 09:58:48.306
46,Imogene,Stanton,Darien.Bayer76@gmail.com,1-715-501-1267,62128 Madaline Canyon,Suite 827,South Hudsonton,AK,78567-3041,Philippines,1997-11-05,Other,Legacy Division Agent,754137.12,2022-11-06 00:15:08.524,2024-12-22 20:17:07.787,1,Vel dolorem veniam unde dolorum voluptatem.,2025-01-07 09:58:48.306,2025-01-07 09:58:48.306
47,Viviane,Conroy,Charley.Hoeger64@hotmail.com,(320) 773-4533 x2734,449 Krystal Lodge,Suite 408,Chazfort,IA,70890,Iceland,2001-06-05,Other,Dynamic Markets Developer,980705.34,2023-10-17 16:34:15.023,2025-01-01 20:22:38.626,0,Et distinctio commodi.,2025-01-07 09:58:48.306,2025-01-07 09:58:48.306
48,Kira,Jenkins,Mckayla56@yahoo.com,505-286-6928,48543 Harris Bypass,Apt. 262,Daughertyport,MO,18547-2738,Thailand,1965-06-04,Male,Legacy Metrics Strategist,984106.26,2022-06-19 12:10:22.629,2024-12-23 12:54:50.411,1,Voluptas quos at mollitia.,2025-01-07 09:58:48.306,2025-01-07 09:58:48.306
49,Tessie,Stiedemann,Makenzie96@hotmail.com,444-754-8145 x5984,16986 Rex River,Apt. 335,Lake Katheryn,NM,64941-8684,Saudi Arabia,1984-09-29,Other,Product Brand Technician,670011.72,2024-04-12 23:40:50.121,2024-12-22 02:13:15.784,1,Voluptatibus sint numquam ut placeat.,2025-01-07 09:58:48.306,2025-01-07 09:58:48.306
50,Trinity,Von,Paul.Bergstrom68@yahoo.com,736.277.5735 x621,401 Renner Stravenue,Suite 344,Port Fletcher,NE,05082,Croatia,1965-06-09,Male,Customer Factors Strategist,27226.29,2022-08-29 21:53:49.245,2025-01-04 19:14:32.789,1,Voluptas doloremque culpa reprehenderit fuga.,2025-01-07 09:58:48.306,2025-01-07 09:58:48.306
51,Alba,Grimes,Marcella.Schumm@hotmail.com,(232) 443-2383 x8187,6311 Sauer Spring,Apt. 526,West Connor,ND,79921-0248,Guinea,1984-01-14,Male,Chief Response Officer,838937.51,2022-12-05 07:29:38.185,2025-01-03 13:30:08.832,1,Earum consequuntur magnam assumenda earum.,2025-01-07 09:58:48.306,2025-01-07 09:58:48.306
52,Jakob,Kohler,Maye_Cummerata@hotmail.com,(928) 878-1563,98767 Freda Spurs,Apt. 464,Lexiton,KS,40183-0331,Gabon,1999-04-06,Female,Customer Assurance Assistant,806501.24,2023-11-05 18:51:22.451,2024-12-19 05:08:03.695,1,Quo ab molestiae consequatur saepe ut.,2025-01-07 09:58:48.306,2025-01-07 09:58:48.306
53,Ladarius,Becker,Elody.Altenwerth@gmail.com,929-937-4077,077 Deckow Field,Apt. 667,Framiton,CA,54669-7215,Mayotte,1994-05-01,Other,Dynamic Solutions Orchestrator,167720.27,2024-09-18 09:15:40.628,2024-12-31 08:14:22.865,1,Et itaque qui illum modi provident porro architecto.,2025-01-07 09:58:48.306,2025-01-07 09:58:48.306
54,Kory,Zieme,Zora79@gmail.com,496.662.5466,59295 Beatty Terrace,Apt. 287,Port Elvis,TN,44418-7380,Zambia,1971-01-06,Female,Chief Research Agent,281317.75,2023-03-16 12:42:52.030,2024-12-09 03:37:11.678,1,Esse iusto velit.,2025-01-07 09:58:48.306,2025-01-07 09:58:48.306
55,Nyasia,Quigley,Joana85@gmail.com,354.906.4976,5565 Domingo Glens,Suite 296,Daphneview,CO,03346,Uruguay,1979-06-06,Female,Investor Web Coordinator,299108.46,2023-10-21 05:59:28.337,2024-12-20 06:52:38.158,1,Nulla ipsam id et rerum.,2025-01-07 09:58:48.306,2025-01-07 09:58:48.306
56,Arlo,Dibbert,Edd79@gmail.com,(697) 207-9589 x9564,69004 Swaniawski Mountain,Apt. 231,South Elliottburgh,ME,31832-7844,Pakistan,1980-01-17,Male,Dynamic Solutions Representative,896632.44,2022-12-05 05:01:00.766,2024-12-19 09:29:02.814,0,Voluptatibus sit ea ipsam possimus aspernatur omnis esse.,2025-01-07 09:58:48.306,2025-01-07 09:58:48.306
57,Herminio,Towne,Tina56@hotmail.com,850-664-0921,08548 Corwin Club,Apt. 976,Spencerville,CT,49881,Bolivia,1993-09-22,Other,Lead Marketing Officer,943364.12,2022-02-14 06:42:33.951,2024-12-29 15:28:10.247,1,Ab odio qui eius itaque qui facilis.,2025-01-07 09:58:48.306,2025-01-07 09:58:48.306
58,Ettie,Pfannerstill,Cullen52@yahoo.com,1-639-809-0095 x5677,2883 Nicolette Hollow,Suite 917,East Concepcion,AL,73062,Australia,1968-12-17,Other,Investor Group Facilitator,939161.12,2022-02-28 11:34:21.600,2024-12-22 15:15:12.205,0,Omnis ut est ea.,2025-01-07 09:58:48.306,2025-01-07 09:58:48.306
59,Dedrick,Jakubowski,Stephen.Wisozk@yahoo.com,1-877-418-9104 x9081,849 Priscilla Shore,Apt. 598,Rutherfordmouth,CO,95157-7216,Bhutan,1998-09-27,Male,Future Accountability Executive,569253.11,2024-06-09 11:52:59.151,2024-12-28 05:55:43.776,1,Non et quas magni voluptas.,2025-01-07 09:58:48.306,2025-01-07 09:58:48.306
60,Fanny,Kerluke,Beth18@hotmail.com,232-269-7613,680 Alexandria Lane,Suite 258,Morarborough,FL,93683,Mauritius,1979-04-16,Female,Forward Interactions Analyst,198202.74,2023-03-24 13:21:53.918,2024-12-12 07:29:48.203,1,Totam et dignissimos consectetur.,2025-01-07 09:58:48.306,2025-01-07 09:58:48.306
61,Vernice,Ankunding,Piper7@gmail.com,626-497-4229 x0330,45220 Carroll Brook,Apt. 898,Port Adolfoton,CO,90736-0710,Kazakhstan,1980-02-17,Other,Senior Web Executive,690467.80,2022-06-09 04:59:05.113,2025-01-06 02:42:57.183,1,Cum explicabo quia rem dolorem eaque aut ex aut et.,2025-01-07 09:58:48.306,2025-01-07 09:58:48.306
62,Cathy,McDermott,Gabe_Wilkinson88@hotmail.com,654-830-2275 x00287,096 Laurine Green,Suite 932,Feilburgh,WA,26093,Mexico,1966-12-21,Male,Legacy Program Orchestrator,215998.80,2023-02-04 03:37:45.080,2025-01-07 04:30:09.747,1,At accusamus sit harum deserunt ea.,2025-01-07 09:58:48.306,2025-01-07 09:58:48.306
63,Holly,Hettinger,Izaiah_Lynch91@yahoo.com,1-614-568-9889 x3609,86615 Blick Lake,Apt. 370,East Darylport,CO,69400-8438,Ecuador,1986-12-22,Male,Regional Assurance Specialist,911842.91,2022-08-18 10:55:59.346,2024-12-13 16:11:30.585,1,Corrupti sit earum suscipit quae recusandae.,2025-01-07 09:58:48.306,2025-01-07 09:58:48.306
64,Ezequiel,Runolfsdottir,Marjolaine1@hotmail.com,1-961-635-7284,439 Keegan Shore,Suite 721,Lake Willis,MA,87998-9864,Paraguay,1971-03-09,Other,Legacy Response Representative,156279.96,2023-01-20 20:52:11.043,2024-12-14 11:36:20.240,1,Voluptatum soluta autem optio tempora.,2025-01-07 09:58:48.306,2025-01-07 09:58:48.306
65,Herbert,Hane,Misty.Abernathy51@gmail.com,847.884.9607 x74151,6763 Tyrell Brooks,Suite 977,West Rodgerborough,IN,43885-2305,Cuba,1990-03-19,Male,Human Branding Liaison,95922.72,2024-10-11 07:24:23.749,2024-12-09 21:21:34.498,1,Neque ullam aliquam recusandae.,2025-01-07 09:58:48.306,2025-01-07 09:58:48.306
66,Mekhi,Ratke,Alaina13@yahoo.com,(695) 424-1359,847 Auer Hollow,Apt. 765,South Rubenland,LA,34364,Bulgaria,1989-08-31,Female,Customer Division Representative,356829.70,2022-08-12 07:53:41.527,2024-12-27 21:52:27.909,1,Distinctio ut et officiis ut corrupti assumenda et.,2025-01-07 09:58:48.306,2025-01-07 09:58:48.306
67,Miller,Cole,Jane_Torp42@hotmail.com,312-798-0392 x797,223 Schneider Springs,Apt. 563,Krisburgh,LA,05320,Japan,1992-03-17,Male,Principal Branding Technician,199301.44,2023-04-15 15:25:11.709,2025-01-04 00:01:13.142,1,Beatae aspernatur dolorum.,2025-01-07 09:58:48.306,2025-01-07 09:58:48.306
68,Asa,Turcotte,Jalen_Larson59@hotmail.com,841-933-2734 x07992,9465 Jaskolski Keys,Apt. 729,North Harold,WV,45039,Niger,1981-07-16,Other,International Program Specialist,484703.40,2024-12-25 10:50:09.098,2025-01-04 00:45:22.863,1,Saepe et fugit.,2025-01-07 09:58:48.306,2025-01-07 09:58:48.306
69,Kathlyn,Koch,Darius_Robel22@yahoo.com,(712) 379-4487,974 Cleveland Court,Suite 457,North Isobel,ME,34770,Luxembourg,1975-04-14,Male,International Functionality Producer,555140.90,2024-12-06 04:37:26.932,2024-12-31 01:19:52.121,0,Earum sed vel ea quia aut quod a.,2025-01-07 09:58:48.306,2025-01-07 09:58:48.306
70,Rebeka,Mayert,Jeffery_Monahan8@yahoo.com,(290) 415-8763,356 Schneider Pine,Suite 794,Lake Candace,MD,10460-2426,Azerbaijan,1990-04-20,Female,International Metrics Designer,796600.68,2022-07-22 01:48:51.521,2024-12-12 23:00:39.746,1,Dolor iusto eos excepturi aperiam sed labore fugit aut.,2025-01-07 09:58:48.306,2025-01-07 09:58:48.306
71,Brenna,Nikolaus,Janis_Becker46@hotmail.com,569.212.9706 x4705,50723 Theresia Mountain,Suite 982,Port Sydni,IL,21850,Saint Martin,1970-03-27,Male,Human Quality Orchestrator,412868.36,2024-06-01 10:58:51.179,2024-12-20 15:26:58.124,1,Corporis aliquid fuga laudantium ex neque qui est excepturi.,2025-01-07 09:58:48.306,2025-01-07 09:58:48.306
72,Clifford,Ziemann,Elfrieda_White47@gmail.com,717-401-5596,14485 Herbert Crescent,Suite 432,Morarberg,TN,90855-9121,Cambodia,2002-08-07,Male,Regional Implementation Developer,910769.78,2022-06-07 18:49:41.714,2024-12-25 13:59:48.238,0,Omnis quisquam veniam qui beatae deserunt nostrum.,2025-01-07 09:58:48.306,2025-01-07 09:58:48.306
73,Dena,Braun,Lurline_Pouros14@hotmail.com,1-783-344-8179,5249 Cleve Square,Suite 403,West Doyle,SC,08539-0025,Norfolk Island,1981-05-21,Male,Dynamic Response Representative,748949.76,2023-06-29 04:07:04.796,2025-01-04 02:11:12.848,1,Deserunt nostrum in.,2025-01-07 09:58:48.306,2025-01-07 09:58:48.306
74,Jimmie,Wunsch,Norris7@hotmail.com,704.601.8848 x26061,718 Audrey Camp,Suite 473,West Jabari,RI,17744,Montenegro,1980-11-27,Female,Investor Implementation Designer,856222.93,2023-11-04 18:33:30.929,2024-12-12 12:18:52.223,1,Temporibus dolorum reprehenderit illum occaecati labore impedit nisi.,2025-01-07 09:58:48.306,2025-01-07 09:58:48.306
75,Arnaldo,Harber,Tanya1@yahoo.com,1-344-487-4336 x3951,471 Kip Key,Apt. 909,West Meggieborough,RI,05648,Qatar,1967-09-04,Female,Human Factors Developer,200117.89,2023-05-16 05:52:54.690,2024-12-16 21:03:47.713,1,Amet nihil fuga quo dolore.,2025-01-07 09:58:48.306,2025-01-07 09:58:48.306
76,Oda,O'Keefe,Raoul32@hotmail.com,550-601-0460 x78437,87004 Christiansen Plains,Apt. 605,Greenfeldershire,NY,59806,Guatemala,1972-06-18,Other,Product Usability Representative,509220.32,2023-03-16 12:39:19.173,2024-12-23 09:49:18.459,1,Ut dicta maxime corporis earum voluptas odit nihil placeat.,2025-01-07 09:58:48.306,2025-01-07 09:58:48.306
77,Major,Kling,Elyse.Pfannerstill@yahoo.com,(370) 954-2928 x1646,66465 Gleichner Shoal,Apt. 747,East Marjorybury,IN,70927,Equatorial Guinea,1979-09-23,Male,Human Operations Associate,79246.38,2022-06-29 01:47:01.498,2024-12-31 16:20:52.645,0,Aperiam ullam quod est ut autem ducimus neque.,2025-01-07 09:58:48.306,2025-01-07 09:58:48.306
78,Gina,Simonis,Coleman.OKeefe7@hotmail.com,1-515-795-4290,45446 Dahlia Crossroad,Apt. 887,Port Hectortown,OR,27894-3434,Saint Martin,1986-07-06,Female,Investor Identity Agent,357014.97,2024-08-01 15:32:50.209,2024-12-10 17:25:32.959,1,Maxime at facilis voluptatem illo.,2025-01-07 09:58:48.306,2025-01-07 09:58:48.306
79,Darrel,Buckridge,Jeffry_Runolfsson66@gmail.com,572.425.4997 x745,2372 Konopelski Fork,Apt. 521,West Etha,ND,22932,Lesotho,1997-08-27,Male,Global Intranet Technician,794105.55,2022-06-01 23:21:18.521,2024-12-11 04:39:37.093,0,Dolores fugit iure temporibus corporis quam beatae laudantium.,2025-01-07 09:58:48.306,2025-01-07 09:58:48.306
80,Marilie,Donnelly,Wilmer.Pouros@yahoo.com,953.651.3964 x199,93372 Elton Creek,Suite 505,Wolfview,NC,95855,Nepal,1981-12-30,Female,Investor Quality Coordinator,679391.11,2022-03-01 01:35:28.988,2025-01-04 22:49:30.663,1,Molestiae fuga sint saepe magni.,2025-01-07 09:58:48.306,2025-01-07 09:58:48.306
81,Hillard,O'Reilly,Jeanette.Brekke@yahoo.com,(739) 395-8549 x8915,54429 Welch Road,Suite 923,Stuartfurt,OK,38643-2621,Monaco,2004-09-01,Other,International Interactions Planner,239913.11,2022-04-30 16:10:27.398,2024-12-18 10:08:59.471,1,Et earum nihil sunt et.,2025-01-07 09:58:48.306,2025-01-07 09:58:48.306
82,Kari,Mayert,Verdie.Moen@hotmail.com,655-861-8223 x218,2589 Ceasar Corners,Apt. 970,Jenniferfurt,MN,41229-9684,British Indian Ocean Territory (Chagos Archipelago,1999-04-19,Male,Legacy Interactions Liaison,454426.80,2022-04-29 07:38:14.565,2024-12-16 03:14:52.491,1,Omnis et numquam quos in omnis voluptate.,2025-01-07 09:58:48.306,2025-01-07 09:58:48.306
83,Johnathon,Bins,Pearl.Pagac5@hotmail.com,671-235-3031 x529,75055 Delilah Streets,Apt. 486,North Carlottabury,WV,33971,Mexico,1967-04-23,Female,Senior Data Technician,320522.88,2023-09-24 02:27:30.482,2025-01-03 06:08:36.080,1,Et sit qui eum sunt ab vel sed quaerat doloribus.,2025-01-07 09:58:48.306,2025-01-07 09:58:48.306
84,Fannie,Rosenbaum,Gunner.Brakus@yahoo.com,804-605-4227 x6181,7852 Brown Mountain,Apt. 398,Rutherfordburgh,MI,15496,Montserrat,1978-10-11,Male,Legacy Optimization Strategist,475193.17,2023-02-18 21:49:12.351,2024-12-22 19:31:16.809,0,Assumenda aliquid rem repellat quia.,2025-01-07 09:58:48.306,2025-01-07 09:58:48.306
85,Monica,Ryan,Rodrigo_Goodwin46@gmail.com,(648) 221-2797 x409,007 Ismael Pike,Suite 350,Hermistonshire,AL,95426,Colombia,1995-03-09,Male,Principal Accountability Facilitator,25263.09,2023-06-05 02:48:25.081,2024-12-14 23:52:52.159,1,Expedita illo deserunt et voluptatem ut soluta nesciunt.,2025-01-07 09:58:48.306,2025-01-07 09:58:48.306
86,Delphia,Harvey,Antonia_Olson@yahoo.com,1-917-876-3948,2644 Josie Lakes,Apt. 523,Maggiobury,KY,10236,Macao,1988-08-26,Other,National Intranet Technician,709779.00,2022-01-08 21:20:00.576,2024-12-17 11:34:06.847,1,Numquam velit dolorem doloribus excepturi perferendis.,2025-01-07 09:58:48.306,2025-01-07 09:58:48.306
87,Myron,Reinger,Adah.Gibson67@gmail.com,391-985-5132 x895,65924 Marcia Center,Apt. 955,Murazikfort,WV,58890-5704,Republic of Korea,1965-11-19,Male,Legacy Research Assistant,80635.31,2022-11-06 09:16:59.544,2024-12-28 20:56:12.582,1,Vel ea odio quia iste accusantium.,2025-01-07 09:58:48.306,2025-01-07 09:58:48.306
88,Angelina,Schinner,Jayde_Leuschke@yahoo.com,691.955.0882 x501,244 Leuschke Plains,Apt. 708,Jacintoville,WI,55925-7623,Japan,1986-06-21,Other,Customer Response Associate,420382.27,2023-11-24 19:28:22.468,2025-01-05 23:15:53.748,1,Exercitationem omnis incidunt voluptatem sint ea est ea quia.,2025-01-07 09:58:48.306,2025-01-07 09:58:48.306
89,Courtney,Boehm,Mireille84@yahoo.com,1-751-236-0727 x283,92100 Hills Garden,Apt. 605,Jacquesfurt,WV,11854-4439,Guinea,1970-07-30,Other,Human Division Agent,289521.96,2023-01-08 02:47:35.460,2024-12-18 20:13:48.391,0,Qui error iste aliquid culpa quam dolorum magni necessitatibus.,2025-01-07 09:58:48.306,2025-01-07 09:58:48.306
90,Johnathon,Corkery,Katelin_Crist@yahoo.com,402.368.7079 x79008,92507 Bernhard Knolls,Apt. 968,Bellport,UT,93546-0735,Sri Lanka,1984-01-31,Female,Product Division Administrator,503335.50,2023-03-09 11:27:13.324,2024-12-21 21:03:47.868,1,Voluptatem qui voluptatem eius.,2025-01-07 09:58:48.306,2025-01-07 09:58:48.306
91,Josephine,Walker,Serenity_Weber@gmail.com,1-563-818-1849,988 Friesen Shore,Apt. 658,Wiltonchester,MS,78196,Chile,1992-03-12,Female,Forward Communications Planner,985650.55,2022-09-29 16:25:13.158,2024-12-09 07:17:10.209,0,Aperiam fugiat omnis non.,2025-01-07 09:58:48.306,2025-01-07 09:58:48.306
92,Stephanie,Kshlerin,Deion81@hotmail.com,266.820.5435,569 Melany Circle,Suite 463,North Meaganmouth,KS,66778,Bahrain,1980-04-06,Other,Forward Identity Technician,525640.86,2024-11-03 08:00:56.577,2024-12-09 20:22:53.231,1,Harum ipsum rerum at autem iure quod est ullam quas.,2025-01-07 09:58:48.306,2025-01-07 09:58:48.306
93,Devonte,Kshlerin,Marjory.Roob@hotmail.com,755.313.1757 x32973,040 Lambert Green,Suite 222,South Garret,NV,89052-8058,Italy,1966-12-12,Other,Direct Tactics Agent,360484.74,2022-09-26 11:51:30.343,2024-12-18 10:18:38.976,1,Eum enim doloribus consectetur tempore velit.,2025-01-07 09:58:48.306,2025-01-07 09:58:48.306
94,Micaela,Anderson,Jody_Armstrong19@hotmail.com,487-930-3268 x20690,747 Judy Mews,Apt. 040,North Lora,CA,33662,Brunei Darussalam,1988-06-23,Male,International Interactions Orchestrator,704875.55,2024-07-01 02:02:14.681,2024-12-12 17:15:05.610,1,Et quae et et quaerat modi mollitia.,2025-01-07 09:58:48.306,2025-01-07 09:58:48.306
95,Raven,Johns,Carrie41@hotmail.com,(292) 371-3276,7488 Goldner Point,Suite 612,Willmsstad,NE,29192-2248,Finland,1995-01-01,Female,Internal Mobility Consultant,425264.64,2022-03-21 19:37:36.970,2024-12-26 02:30:45.816,1,Est sit quas est voluptatem animi quis repellendus ea.,2025-01-07 09:58:48.306,2025-01-07 09:58:48.306
96,Rory,Mosciski,Emiliano_Howell@gmail.com,915.607.8182 x4692,7273 Adelia Meadows,Apt. 869,North Geo,OR,55319-7646,Cocos (Keeling) Islands,2002-03-15,Female,Principal Research Facilitator,341106.68,2023-01-13 21:21:45.804,2024-12-14 05:35:21.088,1,Architecto et sit eos sapiente.,2025-01-07 09:58:48.306,2025-01-07 09:58:48.306
97,Dino,Runolfsson,Barrett_Breitenberg@hotmail.com,629-632-7809 x71227,24429 Glover Falls,Suite 310,West Ianfort,KY,03161,Equatorial Guinea,1971-10-04,Female,Forward Data Orchestrator,362669.74,2023-11-20 03:17:35.252,2024-12-23 06:24:47.432,1,Enim voluptatem laudantium quidem ipsum distinctio sed eligendi.,2025-01-07 09:58:48.306,2025-01-07 09:58:48.306
98,Ezra,Morissette,Patience50@yahoo.com,(517) 728-8408,54315 Champlin Square,Apt. 298,North Keyshawn,VT,65685-3644,Ethiopia,1986-10-23,Other,Dynamic Interactions Associate,438531.21,2022-06-28 17:25:59.935,2024-12-23 16:08:12.487,1,Voluptate id neque.,2025-01-07 09:58:48.306,2025-01-07 09:58:48.306
99,Orland,Luettgen,Alfredo_Kuhlman@hotmail.com,(959) 740-5353,237 Monserrate Passage,Apt. 172,Lake Duncan,VA,23937,Eritrea,1998-03-17,Male,Legacy Usability Associate,176008.52,2023-11-25 03:06:29.043,2024-12-11 06:43:30.947,0,Ea harum id asperiores nostrum ratione molestiae sit sapiente sit.,2025-01-07 09:58:48.306,2025-01-07 09:58:48.306
100,Vinnie,Torphy,Olin48@yahoo.com,816-558-2996 x609,308 Nader Trail,Suite 136,East Ianhaven,MT,22511,Congo,1980-09-26,Female,Global Optimization Agent,980747.86,2023-02-28 15:10:55.420,2024-12-28 21:46:48.961,0,Dolorem illum et.,2025-01-07 09:58:48.306,2025-01-07 09:58:48.306
